lambda_gram,embedding
transfer,11100011101
shall,11001011000
take,11011101000
place,10100010010
manner,10000011111
data,00110111101
needed,10010000000
perform,10011111010
fourier,01011001010
transform,11100011111
showsup,11001100011
single,11001101111
processor,10101011111
backend,00010111000
tofrom,11100001110
monitor,10001100000
control,00110000101
interface,01110001111
receive,10110100111
via,11101111100
mc,10000101101
state,11010100100
count,00110011010
produced,10101100010
correlator,00110010101
valid,11101101101
counts,00110011100
quantizer,10110000111
power,10100110011
measurement,10000110001
filter,01010100011
parameters,10011011111
frequency,01011010011
shift,11001011011
windowing,11110100101
observational,10010100000
mode,10001011000
specific,11010001000
current,00110101111
evla,01001101111
processing,10101011110
lag,01111000111
values,11101110010
metadata,10001000101
necessary,10001111110
format,01011000000
results,11000000000
delivery,00111010101
ee,01000110011
operational,10010111100
status,11010101011
includes,01101010101
frame,01011001011
destination,00111101011
addresses,00000111001
address,00000111000
changes,00100010100
error,01001100010
warning,11110001111
provide,10101111011
reports,10111011101
operating,10010111010
conditions,00101100001
warrant,11110010000
debugtest,00111000110
messages,10001000011
several,11001010111
optionally,10011000001
selectable,11000111101
levels,01111100010
printed,10101001110
detailing,00111101101
critical,00110101011
locations,01111111001
system,11011100001
formatted,01011000010
output,10011001100
deliver,00111010011
final,01010100101
produce,10101100001
archiving,00010000101
currently,00110110000
expected,01010000000
form,01010111111
compatible,00101001001
aips,00001010001
sets,11001010110
acknowledge,00000011101
receipt,10110100110
received,10110101000
notify,10010011100
detected,00111101111
interruptions,01110011001
verify,11101111000
successful,11011001010
internal,01110010010
guarantee,01100000010
safe,11000011010
frames,01011001101
able,00000000010
handle,01100001011
less,01111011111
maximum,10000101011
size,11001110100
value,11101110001
incoming,01101010111
packets,10011011000
network,10010000101
part,10011100001
checking,00100011100
errors,01001100011
determining,00111110011
accumulation,00000010111
statistics,11010101010
comparison,00101000110
tolerances,11100010000
reporting,10111011100
tolerance,11100001111
input,01101110101
management,10000011100
store,11010110100
records,10110110100
memory,10000111100
buffer,00011100101
track,11100010111
complete,00101001110
report,10111011010
overflow,10011001111
respond,10111110101
user,11101011100
optional,10011000000
sequence,11001001100
andor,00001101010
parameter,10011011110
external,01010001010
inputs,01101110110
affect,00001001001
pipeline,10100010001
update,11101010000
tables,11011100101
synchronize,11011100000
operations,10010111101
srs,11010010111
new,10010001000
time,11100001001
series,11001001110
assembly,00010010000
assemble,00010001111
continuous,00110000100
integrity,01110000001
verification,11101110111
ensure,01001010101
correctly,00110010001
ordered,10011000100
contains,00101111110
along,00001011101
entire,01001011001
extent,01010001001
compare,00101000100
invalid,01110011110
replace,10111010010
zero,11110111010
keep,01110111001
invalids,01110011111
normalization,10010010110
apply,00001111011
normalizations,10010010111
based,00011000000
reported,10111011011
coarse,00100101101
quantization,10110000110
correction,00110001111
corrections,00110010000
vanvleck,11101110011
stamp,11010011011
adjustment,00000111100
make,10000010100
adjustments,00000111101
required,10111100100
arise,00010001000
recirculation,10110101011
used,11101011010
prior,10101010001
subsequent,11011001000
narrow,10001110110
band,00010111011
rfi,11000001100
mitigation,10001010101
post,10100101100
applied,00001111010
convolution,00110001011
domain,01000011010
selected,11000111110
processes,10101011101
constructed,00101111001
chainable,00100010001
process,10101011011
piped,10100010000
including,01101010110
replica,10111010110
self,11001000001
repeatable,10111010001
chain,00100010000
yet,11110111001
proposed,10101110100
set,11001010101
poweroftwo,10100110100
complextocomplex,00101010001
fast,01010010110
retention,11000000010
positive,10100101001
negative,10010000010
frequencies,01011010010
must,10001101111
accept,00000000110
integration,01110000000
sum,11011010000
spectral,11010001111
amount,00001100110
duration,01000101000
summation,11011010001
controlled,00110000110
obtained,10010100011
number,10010011101
samplesdumps,11000011101
integrated,01101111111
channel,00100010110
occur,10010100100
none,10010001101
long,10000000001
periods,10100000001
throttle,11100000110
rate,10110010000
manageable,10000011010
formatting,01011000011
combine,00100111010
finished,01010101010
spectra,11010001110
meta,10001000100
auxiliary,00010101110
suitably,11011001111
entities,01001011010
backup,00010111010
disk,01000000110
buffering,00011100110
ready,10110011100
transmission,11100100001
occurred,10010100101
send,11001000110
sent,11001001010
successfully,11011001011
io,01110100101
performance,10011111011
rates,10110010001
accumulate,00000010110
compute,00101011000
overall,10011001110
trap,11100100010
flag,01010110001
repair,10111010000
infs,01101101100
nans,10001110101
underflows,11100111001
overflows,10011010000
computation,00101010110
periodically,10100000000
upon,11101010100
request,10111100000
check,00100011011
pids,10100001101
assure,00010011000
started,11010100010
tasks,11011101110
alive,00001010101
running,11000011001
missing,10001010100
stopped,11010110010
defunct,00111001110
damaged,00110111010
processors,10101100000
physical,10100001100
responding,10111110110
crashed,00110100010
unresponsive,11101001100
networks,10010000110
communication,00101000001
connections,00101101011
intact,01101111101
functioning,01011100100
nonfunctioning,10010010001
components,00101010100
start,11010100001
initiate,01101101111
task,11011101101
stop,11010110001
signal,11001100111
kill,01110111111
alter,00001011111
priority,10101010011
reboot,10110100011
offload,10010101110
redistribute,10110111010
involve,01110100010
change,00100010010
ip,01110100110
general,01011101000
violate,11110000010
archive,00010000100
requirements,10111100110
reversible,11000001010
raw,10110010011
unconverted,11100111000
always,00001100100
recoverable,10110110110
construct,00101111000
specifications,11010001011
req,10111011111
queue,10110001010
entry,01001011101
record,10110110010
contain,00101111100
information,01101101010
properly,10101110000
plus,10100011110
storage,11010110011
processed,10101011100
converted,00110001001
names,10001110100
positions,10100101000
adjustable,00000111011
fixed,01010110000
applications,00001111001
flags,01010110011
table,11011100100
identify,01100111010
various,11101110101
relating,10111000110
response,10111110111
internally,01110010011
externally,01010001011
generated,01011101011
coordinates,00110001100
etc,01001100111
translatable,11100100000
text,11011111110
message,10001000001
source,11010000010
applicable,00001110111
failure,01010010010
component,00101010011
eg,01000111100
drive,01000100000
recovery,10110110111
action,00000100010
result,10111111111
functional,01011100000
maintain,10000001110
fidelity,01010011100
dynamic,01000101001
range,10110001110
across,00000011111
manipulation,10000011110
functions,01011100101
handling,01100001101
capable,00011111001
flagging,01010110010
king,01111000000
corrupted,00110010111
segments,11000111011
proceeding,10101011001
without,11110101100
interruption,01110011000
effect,01000110100
limited,01111101010
partial,10011100010
infinities,01101101001
whether,11110100001
arising,00010001001
hardware,01100010000
accepting,00000001000
aggregate,00001001111
stream,11010111001
minimum,10001010011
done,01000011011
simultaneously,11001101110
necessarily,10001111101
interconnects,01110001011
initial,01101101110
deployment,00111011011
specification,11010001010
increased,01101011010
delivering,00111010100
mbytessec,10000101100
resends,10111101011
simultaneous,11001101101
stored,11010110101
due,01000100101
previous,10101001001
connection,00101101010
outage,10011001011
cpu,00110100001
total,11100010101
capability,00011111000
combination,00100111000
numbers,10010011110
individual,01101100010
speed,11010010000
sufficient,11011001101
accomplish,00000010000
avoiding,00010110100
loss,10000000101
delay,00111010000
streams,11010111011
tbd,11011101111
access,00000001001
speeds,11010010001
dat,00110111100
availability,00010101111
code,00100101110
os,10011001010
important,01101001110
autocorrection,00010101001
selfmonitoring,11001000100
detecting,00111110000
automatically,00010101100
taking,11011101010
remedy,10111001011
lessen,01111100000
impact,01101000011
following,01010111001
types,11100101100
abnormal,00000000011
hangs,01100001110
crashes,00110100011
computational,00101010111
communications,00101000010
failures,01010010011
disruptions,01000001011
software,11001111101
withou,11110101011
cache,00011101101
predetermined,10100111011
first,01010101110
encounter,01001001011
unavailable,11100110110
requested,10111100001
cached,00011101110
standby,11010011111
sit,11001110000
idle,01100111100
resume,11000000001
minimal,10001001110
accessibility,00000001011
interconnect,01110001010
readily,10110011010
accessible,00000001100
maintenance,10000010011
replacement,10111010100
reconfiguration,10110110001
security,11000111000
needs,10010000001
robust,11000001111
mechanism,10000110010
unauthorized,11100110101
users,11101100101
allowed,00001011010
authorized,00010100111
restricted,10111111101
development,00111110101
testing,11011111101
personnel,10100001000
uniquely,11101000010
identified,01100111000
could,00110011001
username,11101100011
associated,00010010100
password,10011101011
scheme,11000100101
would,11110110100
authenticate,00010100010
authorize,00010100110
grant,01011111011
parts,10011101000
cannot,00011110110
given,01011110001
order,10011000011
past,10011101101
attempts,00010011100
logged,01111111011
expectations,01001111111
different,00111111010
systems,11011100011
unrestricted,11101001101
aspects,00010001110
authority,00010100101
revoke,11000001011
privileges,10101010110
peruser,10100001001
basis,00011000011
hand,01100001010
require,10111100011
indicating,01101100000
level,01111100001
allows,00001011100
granted,01011111100
whatdoyouneedtodo,11110011011
login,01111111110
using,11101101000
unique,11101000001
identificationg,01100110111
secure,11000110101
mannerg,10000100000
encrypted,01001001101
passwords,10011101100
administrator,00001000000
properties,10101110001
defines,00111001101
within,11110101001
systemg,11011100010
subsystems,11011001001
tools,11100010010
ability,00000000001
create,00110100100
add,00000110001
remove,10111001101
edit,01000110000
block,00011001110
selectively,11001000000
blocked,00011001111
active,00000100111
sessions,11001010100
functionality,01011100010
cctns,00100001101
application,00001111000
focused,01010110110
providing,10101111110
police,10100100001
especially,01001100100
officers,10010101100
cutting,00110111001
edge,01000101111
easing,01000101101
day,00111000100
function,01011011111
registration,10111000010
citizens,00100100100
register,10111000000
complaints,00101001101
evidence,01001101101
facts,01010010000
investigation,01110100000
complaint,00101001100
forward,01011000111
module,10001011101
acts,00000101011
eases,01000101011
approach,00001111100
interaction,01110000110
exchange,01001110110
complainants,00101001011
initiated,01101110000
initiates,01101110001
facilitates,01010001101
introduces,01110011100
efficiencies,01000111000
automating,00010101101
entries,01001011100
made,10000001011
prosecution,10101110110
interfacing,01110010001
courts,00110011111
cases,00100000101
integral,01101111110
responsibilities,10111111001
designated,00111100101
constable,00101110011
station,11010101000
constantly,00101110100
interfaces,01110010000
aids,00001010000
platform,10100011011
court,00110011110
interactions,01110000111
search,11000101101
gives,01011110010
execute,01001111001
basic,00011000010
advanced,00001000110
particular,10011100101
person,10100000101
type,11100101011
crime,00110101000
modus,10001011111
operandi,10010110111
property,10101110010
also,00001011110
customize,00110110110
view,11101111110
criminalaccused,00110101001
makes,10000010101
easy,01000101110
enabling,01001001000
queries,10110001000
monthly,10001100100
rti,11000010101
related,10111000101
citizen,00100100011
conduit,00101100010
unitspersonnel,11101000110
use,11101011001
tool,11100010001
get,01011101110
acknowledgements,00000011110
turn,11100100111
little,01111110100
turnaround,11100101000
improves,01101010000
productivity,10101100100
helping,01100010101
cut,00110111000
short,11001011101
drudgery,01000100010
large,01111001101
amounts,00001100111
paperwork,10011011101
navigation,10001111011
provides,10101111101
role,11000010001
landing,01111001000
pages,10011011010
help,01100010011
navigating,10001111010
shows,11001100010
assigned,00010010001
alerts,00001010100
pending,10011110100
hence,01100010111
plan,10100011000
better,00011001011
greater,01011111110
efficiency,01000111001
configuration,00101100011
helps,01100010110
configured,00101100101
according,00000010001
states,11010100111
addition,00000110100
keeping,01110111010
elementsrules,01001000000
date,00111000001
proper,10101101111
act,00000100000
sections,11000110100
castes,00100000110
tribes,11100100011
created,00110100101
updated,11101010001
deleted,00111010010
modules,10001011110
provided,10101111100
arate,00010000001
enclosures,01001001001
nonfunctional,10010010000
specify,11010001101
qualitative,10110000100
attributes,00010011111
userfriendliness,11101100000
useracceptance,11101011101
solution,11001111111
detailed,00111101100
contextsensitive,00110000011
material,10000101000
possible,10100101010
actions,00000100011
scenarios,11000100100
offline,10010101101
online,10010110001
support,11011010110
log,01111111010
defects,00111001010
enhancement,01001010011
requests,10111100010
thereafter,11100000011
email,01001000001
sms,11001111011
chooses,00100011111
whenever,11110011110
taken,11011101001
alert,00001010011
enable,01001000111
submitted,11011000111
defect,00111001001
helpdesk,01100010100
categorywise,00100001011
statuswise,11010101100
age,00001001100
wise,11110100111
outside,10011001101
browser,00011100010
audit,00010100000
trail,11100011010
either,01000111101
triggers,11100100101
administrators,00001000001
unalterable,11100110011
capturing,00011111111
storing,11010110110
createreadupdatedelete,00110100110
case,00100000100
suspect,11011011100
initiating,01101110010
carrying,00100000011
event,01001101010
administrative,00000111111
word,11110101110
mean,10000101110
modified,10001011011
way,11110010010
subject,11011000110
redepartment,10110111001
copying,00110001101
removable,10111001100
media,10000110100
contents,00110000000
remain,10111001010
unchanged,11100110111
activated,00000100100
events,01001101011
manual,10000100001
intervention,01110011010
least,01111010111
life,01111100110
refers,10110111101
available,00010110000
inspection,01101111000
achieved,00000011011
authorised,00010100100
familiarity,01010010101
export,01010000101
trails,11100011011
specified,11010001100
affecting,00001001010
auditors,00010100001
wish,11110101000
examine,01001110010
analyse,00001101000
activity,00000101001
capture,00011111101
violations,11110000011
ie,01100111110
denied,00111011000
validly,11101110000
attempted,00010011011
mechanisms,10000110011
organised,10011000101
chronological,00100100001
workstation,11110110010
technically,11011110011
appropriate,00001111110
correspondences,00110010110
files,01010100000
functionalities,01011100001
allow,00001011001
limit,01111101001
groups,01100000001
rolebased,11000010010
member,10000111010
one,10010110000
group,01011111111
adminusers,00001000011
profiles,10101101000
allocate,00001010110
stipulate,11010101111
rights,11000001110
allocation,00001011000
superuser,11011010100
searches,11000101110
right,11000001101
responses,10111111000
display,01000001000
title,11100001011
existence,01001111011
indicate,01101011110
options,10011000010
presented,10101000110
increasing,01101011011
note,10010011001
requirement,10111100101
third,11100000101
option,10010111111
stringent,11010111111
implies,01101001101
include,01101010011
normally,10010011000
dealing,00111000101
matters,10000101010
national,10001110111
performs,10011111110
quick,10110001011
never,10010000111
list,01111101111
unauthorised,11100110100
activities,00000101000
involving,01110100100
documents,01000011000
need,10001111111
legal,01111011001
admissibility,00001000100
assist,00010010011
meaningful,10000101111
appropriately,00001111111
acted,00000100001
likely,01111101000
see,11000111001
ideally,01100110101
accompanied,00000001111
explanatory,01010000010
indication,01101100001
employ,01001000100
rules,11000010111
small,11001111001
familiar,01010010100
common,00100111101
look,10000000011
feel,01010011011
suspects,11011011101
customizable,00110110101
userconfigurable,11101011110
possibleg,10100101011
displayed,01000001001
columns,00100110111
move,10001101000
resize,10111101101
modify,10001011100
appearance,00001110100
configurations,00101100100
saved,11000100000
profile,10101100111
suitable,11011001110
special,11010000110
specialist,11010000111
guidelines,01100000110
end,01001001111
intuitive,01110011101
throughout,11100000111
persistent,10100000100
defaults,00111001000
desirable,00111101000
userdefinable,11101011111
item,01110101111
derived,00111011101
context,00110000001
file,01010011111
reference,10110111011
identifier,01100111001
frequentlyexecuted,01011010101
transactions,11100011100
designed,00111100110
completed,00101001111
employs,01001000110
graphical,01011111101
customise,00110110100
customisation,00110110011
menu,10000111111
layout,01111010010
screens,11000101001
keys,01110111101
onscreen,10010110010
colours,00100110110
fonts,01010111011
font,01010111010
sizes,11001110101
usability,11101010111
userintuitive,11101100010
comply,00101010010
standard,11010011100
iso,01110101010
ict,01100110010
guidance,01100000100
meet,10000110111
recommendations,10110101110
content,00101111111
wcag,11110010100
logo,01111111111
link,01111101100
home,01100100000
page,10011011001
equivalents,01001100001
nontext,10010010100
objects,10010011111
images,01101000001
video,11101111101
alternative,00001100001
equivalent,01001100000
textual,11100000001
descriptions,00111100010
textbased,11011111111
making,10000010110
selfdescriptive,11001000010
understand,11100111011
go,01011110011
next,10010001010
achieving,00000011100
selfdescriptiveness,11001000011
showing,11001100000
presentation,10101000100
segment,11000111010
window,11110100100
clear,00100100101
structure,11011000000
position,10100100111
respect,10111110100
offering,10010101001
paths,10011101110
unit,11101000011
offered,10010101000
strategies,11010110111
minimizing,10001010010
effort,01000111011
steps,11010101101
reach,10110010100
certain,00100001110
piece,10100001110
minimized,10001010001
mental,10000111101
models,10001011001
account,00000010011
splash,11010010100
avoided,00010110011
unless,11101001001
useful,11101011011
feedback,01010011010
screen,11000101000
skip,11001110111
opening,10010110101
unnecessary,11101001010
windows,11110100110
additional,00000110101
popup,10100100100
opened,10010110100
supports,11011011001
distract,01000010001
confuse,00101100111
impede,01101000101
variety,11101110100
reasons,10110100010
superimpose,11011010010
priy,10101010111
hiding,01100011010
relevant,10111000111
cognitively,00100110001
difficult,00111111100
effects,01000110111
closing,00100101011
unwanted,11101001111
vertical,11101111011
scrolling,11000101010
placing,10100010101
top,11100010100
links,01111101110
horizontal,01100100101
wherever,11110100000
designing,00111100111
device,00111110110
independence,01101011100
activation,00000100110
controls,00110000111
devices,00111110111
choose,00100011110
activating,00000100101
fields,01010011101
buttons,00011101011
prefer,10100111100
mobile,10001010110
disabilities,01000000000
operable,10010110110
keyboard,01110111100
face,01010001100
changing,00100010101
technology,11011110110
encompasses,01001001010
present,10101000011
containing,00101111101
newer,10010001001
technologies,11011110101
older,10010101111
agents,00001001110
well,11110011010
usable,11101011000
future,01011100111
acceptable,00000000111
download,01000011100
times,11100001010
implemented,01101001010
technical,11011110010
contexts,00110000010
bandwidth,00010111100
particularly,10011100110
frequently,01011010100
accessed,00000001010
exploration,01010000100
potential,10100110001
recover,10110110101
shown,11001100001
clearly,00100100110
reason,10110100001
resolve,10111110000
expect,01001111101
language,01111001010
formats,01011000001
units,11101000101
currency,00110101110
diverse,01000010100
elements,01000111111
temperatures,11011110111
phone,10100001010
postal,10100101101
codes,00100101111
resizable,10111101100
resized,10111101110
agent,00001001101
means,10000110000
quality,10110000101
spelling,11010010010
gram,01011111010
readability,10110011000
writing,11110110110
style,11011000101
reading,10110011011
understanding,11100111100
supported,11011010111
sentences,11001001011
division,01000010101
shorter,11001011110
chunks,00100100010
items,01110110000
bullet,00011100111
points,10100100000
supporting,11011011000
skimming,11001110110
provision,10101111111
bulleted,00011101000
lists,01111110011
highlighted,01100011100
keywords,01110111110
logical,01111111101
headings,01100010010
phrases,10100001011
readable,10110011001
characteristics,00100011000
spatial,11010000101
arrangement,00010001011
consulted,00101111010
legibility,01111011010
distinguishable,01000001111
withinpage,11110101010
lead,01111010100
dashed,00110111011
rather,10110010010
solid,11001111110
underlines,11100111010
overload,10011010010
proportions,10101110011
presence,10101000010
terminology,11011111010
representing,10111011110
main,10000001100
labelled,01111000101
terms,11011111011
hisher,01100011110
knowledge,01111000010
experience,01010000001
descriptive,00111100011
labels,01111000110
target,11011101100
purpose,10110000010
directly,00111111111
indicated,01101011111
label,01111000100
generic,01011101100
click,00100100111
except,01001110101
commonly,00100111110
understood,11100111101
semantics,11001000101
marking,10000100110
open,10010110011
ked,01110111000
distinguishing,01000010000
typical,11100101101
manipulating,10000011101
performing,10011111101
starting,11010100011
chat,00100011010
hpresentationrelated,01100101100
sorting,11010000001
printable,10101001101
document,01000010110
versions,11101111010
dispersed,01000000111
printerfriendly,10101001111
version,11101111001
prints,10101010000
paper,10011011100
orientation,10011000111
white,11110100011
space,11010000011
filled,01010100010
background,00010111001
color,00100110011
impair,01101000100
visual,11110000111
visually,11110001001
organizing,10011000110
distance,01000001100
blocks,00011010000
becomes,00011000101
rapid,10110001111
impeded,01101000110
selecting,11000111111
lengths,01111011110
length,01111011101
generally,01011101001
homepages,01100100010
overview,10011010011
read,10110010111
quickly,10110001100
longer,10000000010
want,11110001100
match,10000100111
counterpart,00110011011
colour,00100110101
care,00100000000
human,01100110000
capabilities,00011110111
restrictions,10111111110
perceiving,10011111000
conveying,00110001010
coding,00100110000
difficulties,00111111101
colors,00100110100
combinations,00100111001
avoid,00010110010
problems,10101011000
example,01001110011
back,00010110111
button,00011101010
bookking,00011010010
describe,00111011110
relate,10111000100
another,00001101100
alternatives,00001100011
framebased,01011001100
presenting,10101000111
textonly,11100000000
sheets,11001011010
turned,11100101001
alternatively,00001100010
consistent,00101110001
schemes,11000100110
finding,01010101000
similar,11001101001
preferable,10100111101
however,01100101011
purposes,10110000011
usually,11101101001
grouped,01100000000
categories,00100001001
category,00100001010
consistently,00101110010
titles,11100001100
placed,10100010011
location,01111111000
observing,10010100010
principles,10101001100
perception,10011111001
international,01110010101
standards,11010011110
mentioned,10000111110
practical,10100110111
found,01011001001
forms,01011000101
techniques,11011110100
menus,10001000000
command,00100111100
dialogues,00111111001
direct,00111111110
multimedia,10001101011
presentations,10101000101
design,00111100100
described,00111011111
plays,10100011101
key,01110111011
linking,01111101101
landk,01111001001
leading,01111010101
recognize,10110101101
site,11001110001
map,10000100100
consistency,00101110000
overviews,10011010100
conction,00101011111
maintained,10000010000
visible,11110000101
area,00010000110
framesets,01011001110
individualization,01101100011
adaptation,00000101111
adapting,00000110000
interest,01110001100
efficient,01000111010
approaches,00001111101
goals,01011110101
like,01111100111
customizing,00110110111
personal,10100000110
differently,00111111011
varying,11101110110
roles,11000010011
employees,01001000101
monitoring,10001100010
behaviour,00011001001
inferred,01101101000
observed,10010100001
recommending,10110110000
potentially,10100110010
interesting,01110001110
structures,11011000001
consideration,00101101101
evident,01001101110
predefined,10100111010
userspecified,11101100110
individualizing,01101100100
concept,00101011101
implications,01101001100
allowing,00001011011
delete,00111010001
demand,00111010110
follow,01010111000
wwwusabilitygov,11110110111
planned,10100011001
downtime,01000011110
exceed,01001110100
hours,01100100111
per,10011110111
considered,00101101110
unable,11100110010
normal,10010010101
attributed,00010011110
unplanned,11101001011
incidents,01101010010
restore,10111111100
inline,01101110100
synchronization,11011011111
adequate,00000111010
performed,10011111100
peak,10011110000
simple,11001101010
seconds,11000110010
multiple,10001101101
criteria,00110101010
regardless,10110111111
capacity,00011111010
returning,11000000111
retrieving,11000000101
retrieve,11000000100
months,10001100101
intended,01110000011
retrieval,11000000011
frequentlyused,01011010110
typically,11100101110
correlated,00110010100
recent,10110101010
infrequently,01101101011
slower,11001111000
scaleable,11000100010
features,01010011001
preclude,10100111001
stations,11010101001
handled,01100001100
bootstrap,00011010101
offers,10010101010
standardized,11010011101
ui,11100110001
framework,01011001111
maintains,10000010010
housingu,01100101010
utilize,11101101010
frontfacing,01011011100
every,01001101100
header,01100010001
additionally,00000110110
footer,01010111101
product,10101100011
run,11000011000
heroku,01100011000
cloud,00100101100
essentially,01001100101
receives,10110101001
line,01111101011
call,00011101111
referencing,10110111100
github,01011101111
repo,10111011001
compiles,00101001010
hosts,01100100110
isolated,01110101011
unix,11101001000
v,11101101011
hooks,01100100100
database,00110111110
deploys,00111011100
afterward,00001001011
passed,10011101010
calls,00011110000
select,11000111100
secured,11000110110
https,01100101111
prevent,10101001000
session,11001010011
hijacking,01100011101
captcha,00011111011
originates,10011001001
thus,11100001000
spam,11010000100
furthermore,01011100110
sensitive,11001001001
industry,01101100101
encryption,01001001110
emails,01001000010
randomized,10110001101
temporary,11011111001
plaintext,10100010111
identity,01100111011
theft,11100000010
searchfilter,11000101111
vacant,11101101100
define,00111001011
santa,11000011110
barbara,00010111110
dollars,01000011001
month,10001100011
rent,10111001110
localization,01111110110
feature,01010011000
united,11101000100
instantly,01101111011
find,01010100111
google,01011111000
show,11001011111
listings,01111110010
searching,11000110000
whichever,11110100010
geographical,01011101101
distances,01000001101
distancing,01000001110
high,01100011011
sites,11001110010
school,11000100111
districts,01000010011
parks,10011100000
malls,10000010111
restaurants,10111111011
traffic,11100011001
proximity,10110000000
patterns,10011101111
around,00010001010
give,01011110000
ideas,01100110110
commute,00101000011
work,11110110000
even,01001101001
friends,01011011001
house,01100101000
areas,00010000111
draw,01000011111
maps,10000100101
price,10101001010
comparing,00101000101
prices,10101001011
buyers,00011101100
comparisons,00101000111
many,10000100011
houses,01100101001
noise,10010001011
idea,01100110100
behind,00011001010
average,00010110001
might,10001001011
located,01111110111
near,10001111100
freeway,01011010001
college,00100110010
town,11100010110
parties,10011100111
lot,10000000111
isla,01110101001
vista,11110000110
details,00111101110
posted,10100101110
owners,10011010110
constraints,00101110111
bedrooms,00011000110
bathrooms,00011000100
square,11010010110
footage,01010111100
description,00111100001
website,11110011000
securely,11000110111
contact,00101111011
watch,11110010001
notified,10010011011
listing,01111110001
edited,01000110001
browse,00011100001
owner,10011010101
upload,11101010011
second,11000110001
generate,01011101010
minimization,10001001111
industrystandard,01101100110
compression,00101010101
safety,11000011100
protection,10101111000
accounts,00000010101
personallyidentifiable,10100000111
captchabased,00011111100
authentication,00010100011
minimize,10001010000
issues,01110101110
breach,00011011011
correctness,00110010011
implement,01101000111
method,10001000110
rental,10111001111
image,01101000000
postings,10100110000
automated,00010101010
bots,00011010110
posting,10100101111
beyond,00011001100
validity,11101101111
hooking,01100100011
api,00001110001
cross,00110101100
entered,01001010111
real,10110011101
impose,01101001111
duplicate,01000100110
adaptability,00000101101
adaptable,00000101110
sense,11001001000
displays,01000001010
functionally,01011100011
matter,10000101001
today,11100001101
tablet,11011100110
responsive,10111111010
css,00110101101
downscale,01000011101
viewer,11101111111
strict,11010111100
simply,11001101100
shrinks,11001100101
full,01011011101
switch,11011011110
larger,01111001110
replaced,10111010011
smaller,11001111010
oriented,10011001000
shrinking,11001100100
dropdown,01000100001
opposed,10010111110
inside,01101110111
bar,00010111101
budget,00011100100
tracker,11100011000
spent,11010010011
shopping,11001011100
write,11110110101
notes,10010011010
hit,01100011111
enter,01001010110
serial,11001001101
barcode,00010111111
deduct,00111000111
progress,10101101011
visualize,11110001000
progression,10101101100
x,11110111000
wants,11110001110
wanted,11110001101
increase,01101011001
rease,10110100000
recommended,10110101111
products,10101100101
superket,11011010011
name,10001110010
box,00011011001
figure,01010011110
appear,00001110011
halal,01100001000
essys,01001100110
nonhalal,10010010010
nameprize,10001110011
non,10010001100
statement,11010100110
ingredients,01101101101
recognition,10110101100
know,01111000001
approve,00010000000
jakim,01110110001
scan,11000100011
manufacture,10000100010
certificate,00100001111
detection,00111110001
clientserver,00100101001
computing,00101011011
consist,00101101111
server,11001001111
computer,00101011001
desktop,00111101001
client,00100101000
android,00001101011
studio,11011000100
develop,00111110100
communicate,00100111111
among,00001100101
tcpip,11011110001
protocol,10101111001
http,01100101110
ldap,01111010011
smtp,11001111100
interchange,01110001001
json,01110110111
string,11010111110
plain,10100010110
service,11001010010
peers,10011110010
implementation,01101001000
concentrate,00101011100
equipped,01001011111
camera,00011110001
facility,01010001111
fully,01011011110
advantage,00001000111
program,10101101001
firebase,01010101100
messagedata,10001000010
involved,01110100011
listed,01111110000
toolslibraries,11100010011
apache,00001110000
app,00001110010
fireb,01010101011
ase,00010001100
realtime,10110011110
html,01100101101
w,11110001010
jqueryajax,01110110101
methods,10001000111
multipart,10001101100
formdata,01011000100
strin,11010111101
perlldap,10100000010
cpan,00110100000
na,10001110001
section,11000110011
describes,00111100000
uc,11100101111
diagram,00111111000
web,11110010101
goal,01011110100
customer,00110110001
actor,00000101010
package,10011010111
assumption,00010010111
medium,10000110110
course,00110011101
alternate,00001100000
condition,00101100000
included,01101010100
extended,01010000111
customers,00110110010
advise,00001001000
fill,01010100001
permission,10100000011
logobarcode,10000000000
big,00011001101
execution,01001111010
soon,11010000000
implements,01101001011
compatibility,00101001000
latest,01111010001
internet,01110010110
documentation,01000010111
embedded,01001000011
uptime,11101010110
connectivity,00101101100
spring,11010010101
boot,00011010100
mysql,10001110000
frontend,01011011011
react,10110010110
js,01110110110
communicated,00101000000
accordingly,00000010010
interacting,01110000101
front,01011011010
ajax,00001010010
free,01011010000
project,10101101101
wait,11110001011
answers,00001101101
middle,10001001010
man,10000011000
knowledgepark,01111000011
forum,01011000110
questions,10110001001
admin,00000111110
analysis,00001101001
irrelevant,01110100111
satisfaction,11000011111
stands,11010100000
expectation,01001111110
operation,10010111011
good,01011110111
careful,00100000001
programming,10101101010
undesired,11100111110
situations,11001110011
operates,10010111001
halting,01100001001
robustness,11000010000
tackle,11011100111
disastrous,01000000010
words,11110101111
foul,01011001000
proof,10101101110
safeguards,11000011011
portable,10100100110
architecture,00010000011
easily,01000101100
transferable,11100011110
platforms,10100011100
friendliness,01011010111
learn,01111010110
native,10001111000
effectively,01000110101
friendly,01011011000
places,10100010100
convenience,00110001000
ids,01100111101
metro,10001001000
protected,10101110111
privacy,10101010100
whatever,11110011100
regarding,10110111110
carried,00100000010
java,01110110010
public,10110000001
durability,01000100111
tested,11011111100
working,11110110001
effectiveness,01000110110
maintainability,10000001111
aration,00010000010
business,00011101001
logic,01111111100
gui,01100000011
operate,10010111000
viewing,11110000001
book,00011010001
issuedreturned,01110101101
stock,11010110000
fit,01010101111
defined,00111001100
pillai,10100001111
institute,01101111100
engineering,01001010010
studies,11011000011
research,10111101010
department,00111011001
template,11011111000
interact,01110000100
mus,10001101110
asks,00010001101
incorrectly,01101011000
appears,00001110101
librarian,01111100011
looking,10000000100
interested,01110001101
inthen,01110011011
entering,01001011000
books,00011010011
addedit,00000110011
librarians,01111100100
panel,10011011011
addremove,00000110111
resource,10111110010
manage,10000011001
lending,01111011100
surety,11011011011
validation,11101101110
members,10000111011
id,01100110011
updating,11101010010
issue,01110101100
library,01111100101
policy,10100100011
assigning,00010010010
fine,01010101001
return,11000000110
accountability,00000010100
going,01011110110
chief,00100011101
campuses,00011110011
university,11101000111
interacts,01110001000
staff,11010011010
students,11011000010
therefore,11100000100
accurate,00000011001
nonexpected,10010001110
ways,11110010011
period,10011111111
inbuilt,01101010001
usernamepassword,11101100100
accommodate,00000001101
fault,01010010111
virus,11110000100
lost,10000000110
upsinverter,11101010101
supply,11011010101
anything,00001101111
hack,01100000111
admins,00001000010
creating,00110100111
install,01101111001
rule,11000010110
captures,00011111110
policies,10100100010
practices,10100111000
enforce,01001010000
ision,01110101000
infer,01101100111
existing,01001111100
datathis,00111000000
regulations,10111000011
abide,00000000000
cost,00110011000
discount,01000000101
illegal,01100111111
protocols,10101111010
neither,10010000100
assumed,00010010110
computers,00101011010
browsing,00011100011
internals,01110010100
rectify,10110111000
catastrophes,00100000111
guide,01100000101
educate,01000110010
facilities,01010001110
forgot,01010111110
migration,10001001100
registers,10111000001
replication,10111010111
branch,00011011010
still,11010101110
auto,00010101000
saving,11000100001
maintaining,10000010001
stable,11010011001
modern,10001011010
chrome,00100100000
enough,01001010100
rebroadcast,10110100100
broadcaster,00011011101
webcam,11110010110
preferably,10100111110
laptop,01111001011
catch,00100001000
ppcast,10100110101
simplicity,11001101011
mind,10001001101
added,00000110010
later,01111010000
mockup,10001010111
broadcasts,00011100000
point,10100011111
viewers,11110000000
side,11001100110
automatic,00010101011
homepage,01100100001
begin,00011000111
broadcasting,00011011111
webrtc,11110010111
specifically,11010001001
mediastream,10000110101
microphone,10001001001
abstracts,00000000101
complexities,00101010000
desktops,00111101010
laptops,01111001100
abstracted,00000000100
javascript,01110110011
websockets,11110011001
databases,00110111111
rtcpeerconnection,11000010100
sdp,11000101100
hides,01100011001
two,11100101010
worrying,11110110011
lower,10000001001
channels,00100010111
signaling,11001101000
uses,11101100111
dtls,01000100011
srtp,11010011000
focuses,01010110111
ice,01100110001
connecting,00101101001
try,11100100110
connect,00101101000
udp,11100110000
latency,01111001111
fails,01010010001
tcp,11011110000
finally,01010100110
servers,11001010000
adopting,00001000101
requires,10111100111
party,10011101001
behavior,00011001000
peoples,10011110110
live,01111110101
userfriendly,11101100001
filters,01010100100
broadcast,00011011100
whats,11110011101
coming,00100111011
disconnect,01000000011
people,10011110101
resources,10111110011
constraining,00101110101
peer,10011110001
intelligently,01110000010
interrupted,01110010111
encounters,01001001100
cameras,00011110010
mozilla,10001101001
firefox,01010101101
broadcasters,00011011110
sharing,11001011001
happen,01100001111
immediately,01101000010
joining,01110110100
sudden,11011001100
unexpected,11101000000
disconnections,01000000100
trigger,11100100100
streaming,11010111010
ex,01001110001
leaving,01111011000
gracefully,01011111001
rebroadcasting,10110100101
apple,00001110110
macbook,10000001010
pros,10101110101
baseline,00011000001
mainly,10000001101
bottlenecked,00011010111
implementations,01101001001
odingtranscoding,10010100111
ethically,01001101000
morally,10001100110
assume,00010010101
recorded,10110110011
private,10101010101
anyone,00001101110
dtlssrtp,01000100100
nave,10001111001
denial,00111010111
attacks,00010011001
instance,01101111010
degrade,00111001111
stre,11010111000
attempt,00010011010
lowbandwidth,10000001000
overlay,10011010001
ppcasts,10100110110
peertopeer,10011110011
core,00110001110
serverside,11001010001
unusual,11101001110
environments,01001011110
correctn,00110010010
talk,11011101011
clientside,00100101010
portability,10100100101
reliability,10111001000
sure,11011011010
resolved,10111110001
cause,00100001100
undue,11100111111
reusability,11000001000
reusable,11000001001
conflict,00101100110
exclusion,01001111000
meeting,10000111000
preference,10100111111
planning,10100011010
cancel,00011110100
replanning,10111010101
resolution,10111101111
participant,10011100011
reliable,10111001001
replies,10111011000
awareness,00010110110
negotiation,10010000011
exchanged,01001110111
participants,10011100100
initiator,01101110011
proceedings,10101011010
meetings,10000111001
expressed,01010000110
constraint,00101110110
preferences,10101000000
attend,00010011101
sdms,11000101011
rearrange,10110011111
preferred,10101000001
changed,00100010011
datelocation,00111000010
accommodated,00000001110
cancelled,00011110101
disaster,01000000001
occurs,10010100110
reschedule,10111101000
stated,11010100101
managed,10000011011
invoke,01110100001
moreover,10001100111
monitored,10001100001
nonexperts,10010001111
elapsed,01000111110
sending,11001000111
wonder,11110101101
bound,00011011000
determination,00111110010
actual,00000101100
extensibility,01010001000
explicit,01010000011
priorities,10101010010
dates,00111000011
dependencies,00111011010
enforced,01001010001
nonprivileged,10010010011
aware,00010110101
much,10001101010
entralized,01001011011
independently,01101011101
whereabouts,11110011111
professional,10101100110
characterized,00100011001
allocated,00001010111
office,10010101011
leisure,01111011011
flexible,01010110101
rescheduling,10111101001
dynamically,01000101010
flexibility,01010110100
evolving,01001110000
concerned,00101011110
reached,10110010101
accuracythe,00000011000
accurately,00000011010
distributed,01000010010
