lambda_gram,embedding
knowledge,01111000010
detailed,00111101100
simple,11001101010
font,01010111010
meta,10001000100
facilitates,01010001101
subject,11011000110
resizable,10111101100
usable,11101011000
helping,01100010101
compare,00101000100
mainly,10000001101
relevant,10111000111
reporting,10111011100
rights,11000001110
enabling,01001001000
disk,01000000110
industrystandard,01101100110
take,11011101000
least,01111010111
stopped,11010110010
inline,01101110100
degrade,00111001111
prints,10101010000
processor,10101011111
x,11110111000
respect,10111110100
listing,01111110001
proposed,10101110100
exchange,01001110110
criminalaccused,00110101001
distances,01000001101
monthly,10001100100
category,00100001010
consistent,00101110001
maintain,10000001110
presentations,10101000101
date,00111000001
sufficient,11011001101
authenticate,00010100010
cloud,00100101100
template,11011111000
attributes,00010011111
stamp,11010011011
datathis,00111000000
reboot,10110100011
rebroadcasting,10110100101
lowbandwidth,10000001000
products,10101100101
captures,00011111110
log,01111111010
frames,01011001101
stated,11010100101
selectable,11000111101
inbuilt,01101010001
medium,10000110110
retrieving,11000000101
less,01111011111
wise,11110100111
allowing,00001011011
colors,00100110100
dashed,00110111011
inferred,01101101000
metro,10001001000
captcha,00011111011
sudden,11011001100
organised,10011000101
existing,01001111100
internally,01110010011
reach,10110010100
loss,10000000101
camera,00011110001
manipulating,10000011101
complaint,00101001100
practical,10100110111
edge,01000101111
requirements,10111100110
students,11011000010
asks,00010001101
user,11101011100
attempt,00010011010
unwanted,11101001111
unit,11101000011
entered,01001010111
hooks,01100100100
receives,10110101001
input,01101110101
nonexperts,10010001111
later,01111010000
individualization,01101100011
superuser,11011010100
gui,01100000011
ready,10110011100
program,10101101001
tcpip,11011110001
unitspersonnel,11101000110
citizen,00100100011
differently,00111111011
selfmonitoring,11001000100
complaints,00101001101
steps,11010101101
defect,00111001001
assigned,00010010001
paths,10011101110
intact,01101111101
also,00001011110
observational,10010100000
menu,10000111111
incoming,01101010111
designed,00111100110
recent,10110101010
blocked,00011001111
legal,01111011001
statuswise,11010101100
messagedata,10001000010
correspondences,00110010110
dollars,01000011001
considered,00101101110
hides,01100011001
retrieve,11000000100
mus,10001101110
invalid,01110011110
show,11001011111
combinations,00100111001
consist,00101101111
clientside,00100101010
complexities,00101010000
examine,01001110010
logic,01111111100
public,10110000001
admins,00001000010
modus,10001011111
environments,01001011110
policies,10100100010
via,11101111100
reason,10110100001
capacity,00011111010
data,00110111101
total,11100010101
advanced,00001000110
opposed,10010111110
disruptions,01000001011
uses,11101100111
ice,01100110001
regulations,10111000011
roles,11000010011
call,00011101111
toolslibraries,11100010011
laptops,01111001100
external,01010001010
working,11110110001
grouped,01100000000
userfriendly,11101100001
ordered,10011000100
construct,00101111000
suitable,11011001110
bullet,00011100111
temperatures,11011110111
install,01101111001
showing,11001100000
points,10100100000
size,11001110100
problems,10101011000
handled,01100001100
initiated,01101110000
breach,00011011011
sent,11001001010
move,10001101000
manual,10000100001
range,10110001110
results,11000000000
currently,00110110000
connecting,00101101001
buffering,00011100110
operates,10010111001
descriptive,00111100011
srtp,11010011000
automatic,00010101011
perform,10011111010
single,11001101111
look,10000000011
structures,11011000001
alternative,00001100001
convenience,00110001000
making,10000010110
mannerg,10000100000
reversible,11000001010
searches,11000101110
included,01101010100
suspect,11011011100
interacts,01110001000
supports,11011011001
documentation,01000010111
found,01011001001
becomes,00011000101
nonhalal,10010010010
values,11101110010
responsibilities,10111111001
requires,10111100111
better,00011001011
integration,01110000000
javascript,01110110011
addremove,00000110111
details,00111101110
portable,10100100110
multimedia,10001101011
superimpose,11011010010
entry,01001011101
enough,01001010100
files,01010100000
aggregate,00001001111
right,11000001101
visible,11110000101
execution,01001111010
guarantee,01100000010
national,10001110111
currency,00110101110
cpu,00110100001
processing,10101011110
plaintext,10100010111
ase,00010001100
basis,00011000011
check,00100011011
bedrooms,00011000110
mental,10000111101
parties,10011100111
java,01110110010
customise,00110110100
peak,10011110000
ideally,01100110101
constantly,00101110100
names,10001110100
screen,11000101000
citizens,00100100100
register,10111000000
avoided,00010110011
impede,01101000101
officers,10010101100
longer,10000000010
table,11011100100
staff,11010011010
function,01011011111
however,01100101011
achieving,00000011100
home,01100100000
like,01111100111
lengths,01111011110
patterns,10011101111
impact,01101000011
books,00011010011
unconverted,11100111000
neither,10010000100
difficulties,00111111101
linking,01111101101
native,10001111000
period,10011111111
different,00111111010
tolerance,11100001111
idea,01100110100
computation,00101010110
wcag,11110010100
desirable,00111101000
priy,10101010111
arising,00010001001
approve,00010000000
unchanged,11100110111
correction,00110001111
affect,00001001001
position,10100100111
buttons,00011101011
real,10110011101
goals,01011110101
rti,11000010101
whatdoyouneedtodo,11110011011
standardized,11010011101
two,11100101010
login,01111111110
acted,00000100001
configurations,00101100100
characterized,00100011001
corrections,00110010000
component,00101010011
industry,01101100101
temporary,11011111001
lists,01111110011
acts,00000101011
clear,00100100101
inside,01101110111
disconnections,01000000100
vertical,11101111011
google,01011111000
broadcast,00011011100
ingredients,01101101101
product,10101100011
around,00010001010
facilities,01010001110
replacement,10111010100
much,10001101010
ppcast,10100110101
durability,01000100111
deduct,00111000111
chain,00100010000
used,11101011010
rescheduling,10111101001
bookking,00011010010
unavailable,11100110110
passed,10011101010
authorized,00010100111
application,00001111000
state,11010100100
item,01110101111
formats,01011000001
abstracted,00000000100
increase,01101011001
button,00011101010
customizing,00110110111
colour,00100110101
